Question,Réponse,Catégorie,URL
ISET SFAX  - Conseil scientifique et technologique - Conseil scientifique et technologique,Institut Conseil Scientifique et Technologique,fr,https://isetsf.rnu.tn/fr/institut-footer/conseil-scientifique-et-technologique#conseil-scientifique-et-technologique
ISET SFAX  - Pages - Inscription à distance,www.inscription.tn Ce site permet l'inscription en ligne des étudiants appartenant aux institutions publiques tunisiennes d'enseignement supérieur. Le,fr,https://isetsf.rnu.tn/fr/categories/3/pages#inscription-distance
ISET SFAX  - Pages - Tableau récapitulatif des relations internationales,Tableau récapitulatif` des relations internationales Préparé par Mme Mezghani Wafa Responsable des Relations Internationales Nom de L'Etablissement Date de,fr,https://isetsf.rnu.tn/fr/categories/3/pages#tableau-r-capitulatif-des-relations-internationales
ISET SFAX  - Pages - Partenariats associatives,Partenaires associatives: AIS ARDI AIT Sportif,fr,https://isetsf.rnu.tn/fr/categories/3/pages#partenariats-associatives
ISET SFAX  - Pages - Partenariats Industrielles,Partenaires industrielles : ITICA API AMICAP Pépinière,fr,https://isetsf.rnu.tn/fr/categories/3/pages#partenariats-industrielles
ISET SFAX  - Pages - Partenariats académique,.gl-title-orangebox { background: none repeat scroll 0 0 #FAFAFA; border-style: solid; border-width: 1px 1px 1px 8px; margin: 8px 0 8px,fr,https://isetsf.rnu.tn/fr/categories/3/pages#partenariats-acad-mique
ISET SFAX  - Clubs - Microsoft Tech Club ISET Sfax,"Microsoft Tech Club ISET Sfax Le Club Technologique Microsoft a été fondé en 10 octobre 2010, avec un focus sur",fr,https://isetsf.rnu.tn/fr/etudiants-footer/clubs#microsoft-tech-club-iset-sfax
ISET SFAX  - Clubs - Club DotNet,"Présentation Du club: Le Club Microsoft DotNet a été créé en octobre 2010. Il est axé sur les nouvelles technologies,",fr,https://isetsf.rnu.tn/fr/etudiants-footer/clubs#club-dotnet
ISET SFAX  - Clubs - Le club de français,"Le club de français Le club de français est conçu comme un espace de rencontres, de discussions et d’échanges entre",fr,https://isetsf.rnu.tn/fr/etudiants-footer/clubs#le-club-de-fran-ais
ISET SFAX  - Clubs - Club Futur Licencier,"Club Futur Licencier est un club scientifique, culturel, sportif et humanitaire. Il est créé en octobre 2009 par des étudiants",fr,https://isetsf.rnu.tn/fr/etudiants-footer/clubs#club-futur-licencier
ISET SFAX  - Clubs - Club de technologie à l’I.S.E.T de Sfax (CTIS),Présentation du club Le club CTIS est créé en vue de permettre aux nouveaux étudiants de s’intégrer et de s’adapter,fr,https://isetsf.rnu.tn/fr/etudiants-footer/clubs#club-de-technologie-l-i-s-e-t-de-sfax-ctis-
ISET SFAX  - Microsoft Tech Club ISET Sfax - Les objectifs du Microsoft Technology Club:,"Encourager l'innovation technologique : Stimuler la créativité et l'innovation sans limites parmi les membres en exploitant les outils et technologies de développement fournis par Microsoft. Faciliter l'apprentissage et le perfectionnement : Offrir un cadre favorable à l'échange de connaissances et à l'acquisition de compétences en informatique, pour les débutants comme pour les professionnels. Créer un réseau de collaboration : Faciliter les rencontres et les interactions entre étudiants, professionnels et entreprises afin de bâtir un réseau solide dans le domaine des technologies de l'information. Préparer les étudiants au marché du travail : Proposer des opportunités de formation, de stages et d'encadrement pour aider les étudiants à se préparer efficacement aux exigences du marché du travail, en particulier dans le développement informatique. Promouvoir l'excellence académique et professionnelle : Organiser des ateliers, des concours et des séminaires pour encourager l'excellence académique et professionnelle des membres du club. Soutenir la participation à des compétitions et des hackathons : Encadrer et soutenir les membres dans leur participation à des compétitions prestigieuses, telles que l'Imagine Cup ou greenLAB, pour renforcer leurs compétences et leur visibilité à l'échelle internationale. Diffuser et partager les savoirs technologiques : Contribuer à la diffusion des connaissances et des bonnes pratiques en matière de nouvelles technologies à travers des publications, des séminaires et des activités de sensibilisation. Favoriser l'accès aux certifications professionnelles : Permettre aux membres de passer des examens de certification Microsoft gratuitement, leur offrant ainsi l'opportunité de valoriser leurs compétences et d'améliorer leur employabilité. Développer des projets concrets : Encourager la réalisation de projets multimédias, de sites web et d'applications informatiques, pour mettre en pratique les compétences acquises et contribuer à des réalisations concrètes.",fr,https://isetsf.rnu.tn/fr/article/639/microsoft-tech-club-iset-sfax#les-objectifs-du-microsoft-technology-club-
ISET SFAX  - Microsoft Tech Club ISET Sfax - Activités du Club :,"Développement : C#.Net, WPF, WINDEV, Web (Joomla, ASP.Net, HTML5, PHP5, CSS3) Design : CorelDraw, Photoshop Conception mécanique : AutoCad, SolidWorks Multimédia : 3DsMax, AfterEffect, Flash Bureautique : Office 2010, C2I",fr,https://isetsf.rnu.tn/fr/article/639/microsoft-tech-club-iset-sfax#activit-s-du-club-
ISET SFAX  - Club DotNet - Activités Du Club:,"Voyages d’études et excursions Organisation des journées portes ouvertes Rédaction de magazine semestriel Ateliers de Formation interactifs : Développement [C#.Net – WPF – WINDEV – Web (joomla – ASP.Net – HTML5 – PHP5 – CSS3)] , Design [CorelDraw – PhotoShop] – Conception mécanique [AutoCad – SolidWorks] , Multimédia [3DsMax – AfterEffect – Flash] , Burautique [Office2010 – C2I] , ... Défis et Concours certifiés Réalisation de projets multimédia et site web Développement d’applications informatique Possibilité d’accéder à des stages chez les entreprises de nos partenaires Participation aux grands événements Microsoft (Ms Student Festival, Ms Days, etc.) Encadrement et soutien dans le cadre de la compétition internationale ""Imagine Cup"" Encadrement des projets de fin d’étude spécialisés en développement informatique Examens de certification Microsoft gratuits Séminaires sur le développement personnel, académique et entrepreneurial ainsi que sur les TIC Animation Radio locale et Web",fr,https://isetsf.rnu.tn/fr/article/577/club-dotnet#activit-s-du-club-
ISET SFAX  - Club DotNet - Comité:,Mahdi Hadj Taieb (Président) Amel Bouzamita (Vice-Président) Souha Ghribi (Vice-Président Adjoint) Rannen Mohamed Amin (Secrétaire Général) Naîm Ben Amor (Secrétaire Adjoint) Manel Nbaya (Secrétaire Adjointe) Nadia Msakni (Secrétaire Adjointe) Ayman Kachouri (Coordinateur) Wael Khemiri (Coordinateur) Saîd Gâaliche (Coordinateur) Ahmed Trabelsi (Responsable Ressources Humaines) Bahaeddine Abdelmalak (Responsable Ressources Humaines Adjoint) Abir Kâanich (Responsable Relations Extérieures) Manel Marwen (Responsable Relations Extérieures Adjoint) Hejer Ayadi (Trésorier) Mariam Lâdhari (Trésorier Adjoint),fr,https://isetsf.rnu.tn/fr/article/577/club-dotnet#comit-
ISET SFAX - Demande du compte professionnel,Entreprise Demande de Compte Professionnel,fr,https://isetsf.rnu.tn/fr/entreprise/demande-de-compte-professionnel#demande-du-compte-professionnel
ISET SFAX  - Liste des diplômés - Liste des diplômés,Entreprise Partenariat et Transfert Technologique,fr,https://isetsf.rnu.tn/fr/entreprise/partenariat-et-transfert-technologique#liste-des-dipl-m-s
ISET SFAX  - Accès à l'information - Références légales réglementées pour l'accès,Constitution : Chapitre 32 (premier paragraphe) L'État garantit le droit à l'information et le droit d'accès à l'information. Loi fondamentale n° 22 de 2016 du 24 mars 2016 relative au droit d'accès à l'information. Circulaire du Premier Ministre n°19 du 18 mai 2018 relative au droit d'accès à l'information. Arrêté n° 375 du 29 juin 2020 relatif à la réglementation du processus de publication des rapports des organismes de contrôle et des rapports de suivi émis par ceux-ci. Décret n° 54-2011 du 11 juin 2011 : modifiant et complétant le décret n° 41-2011 du 26 mai 2011 relatif à l'accès aux documents administratifs des structures publiques.,fr,https://isetsf.rnu.tn/fr/acces-a-linformation-fr#r-f-rences-l-gales-r-glement-es-pour-l-acc-s
ISET SFAX  - Actualités - Calendrier des devoirs 2s 2024/2025,calendrier SEG calendrier TI calendrier GP calendrier GC calendrier GM,fr,https://isetsf.rnu.tn/fr/actualites/archives-des-annonces#calendrier-des-devoirs-2s-2024-2025
ISET SFAX  - Actualités - Certificats numériques ISO 9001:2015 et ISO 21001:2018,Certificats numériques ISO 9001:2015 Certificats numériques ISO 21001:2018,fr,https://isetsf.rnu.tn/fr/actualites/archives-des-annonces#certificats-num-riques-iso-9001-2015-et-iso-21001-2018
ISET SFAX  - Actualités - Activation de votre espace extranet,1- Cliquez sur l’icône « Espace Extranet » en haut à gauche ou bien accéder directement au liens suivant :,fr,https://isetsf.rnu.tn/fr/actualites/archives-des-annonces#activation-de-votre-espace-extranet
ISET SFAX  - Appels d'offres - Appels d'offres,Actualités Appels d’offres et consultations,fr,https://isetsf.rnu.tn/fr/actualites/appels-doffres-et-consultations#appels-d-offres
ISET SFAX  - Découvrez les formations assurées par l'ISET de Sfax d’offres et Consultations - Découvrez les formations assurées par l'ISET de Sfax d’offres et Consultations,Actualités Découvrez les formations assurées par l'ISET de Sfax d’offres et Consultations,fr,https://isetsf.rnu.tn/fr/actualites/decouvrez-les-formations-assurees-par-l-iset-de-sfax-doffres-et-consultations#d-couvrez-les-formations-assur-es-par-l-iset-de-sfax-d-offres-et-consultations
ISET SFAX  - Manifestations - Assistance technique pour l'élaboration du référentiel de formation selon les standards internationaux et la numérisation des contenus pédagogiquespour accréditation,Télécharger TDR accréditation des parcours Télécharger annexe1 CV CI accreditation Télécharger annexe2 justifs CI accréditation,fr,https://isetsf.rnu.tn/fr/actualites/manifestations#assistance-technique-pour-l-laboration-du-r-f-rentiel-de-formation-selon-les-standards-internationaux-et-la-num-risation-des-contenus-p-dagogiquespour-accr-ditation
ISET SFAX  - Manifestations - Formation des enseignants en pédagogie numérique,Télécharger avis de sollicitation de manifestation d'intéret,fr,https://isetsf.rnu.tn/fr/actualites/manifestations#formation-des-enseignants-en-p-dagogie-num-rique
ISET SFAX  - Manifestations - « Assistance technique pour l'élaboration du référentiel de formation selon les standards internationaux et la numérisation des contenus pédagogiques pour accréditation» PAQ/DGSE 6/2023: Domaine1-champ1,Télécharger consultation TDR Télécharger annexe1 CV CI accreditation Télécharger annexe2 justifs CI accréditation,fr,https://isetsf.rnu.tn/fr/actualites/manifestations#-assistance-technique-pour-l-laboration-du-r-f-rentiel-de-formation-selon-les-standards-internationaux-et-la-num-risation-des-contenus-p-dagogiques-pour-accr-ditation-paq-dgse-6-2023-domaine1-champ1
ISET SFAX  - Présentation - Responsables,Directeur : Bassem JALLOULI Secrétaire Général : Fathi Ben Abdallah Directeur des Etudes et des Stages : Slim BEN HLIMA,fr,https://isetsf.rnu.tn/fr/institut/presentation#responsables
ISET SFAX  - Présentation - Organisation des études,"Durée : Trois ans Stages : Trois stages intégrés dans le cursus Diplôme : Licence nationale
Durée : Deux ans Stages : Inclus dans le programme pour renforcer l’expérience professionnelle des étudiants",fr,https://isetsf.rnu.tn/fr/institut/presentation#organisation-des-tudes
ISET SFAX  - Présentation - Départements,Sciences Economiques et de Gestion Technologie de l'Informatique Génie des Procédés Génie Civil Génie Mécanique,fr,https://isetsf.rnu.tn/fr/institut/presentation#d-partements
ISET SFAX  - Présentation - Vie estudiantine :,"L’institut compte plus de 2000 étudiants (toute spécialité confondue). Les étudiants peuvent bénéficier de l'animation et des activités organisées par les différents clubs de l’institut.
Formation continue Stages Prestations de services Formations à la carte",fr,https://isetsf.rnu.tn/fr/institut/presentation#vie-estudiantine-
ISET SFAX  - Présentation - Vie Associative,Association de l'Innovation et la Technologie « AIT » Association de Recherche et Développement et d'Innovation « ARDI » Association Sportive Universitaire ISET de Sfax « ASUIS » Association Tunisienne de Soudage « ATS »,fr,https://isetsf.rnu.tn/fr/institut/presentation#vie-associative
ISET SFAX - Sciences Economiques et de Gestion,Institut Départements Sc. Eco. et Gestion,fr,https://isetsf.rnu.tn/fr/institut/departements/sc-eco-et-gestion#sciences-economiques-et-de-gestion
ISET SFAX - Formations,"Management industriel Logistique et transport Qualité Hygiène Sécurité et environnement
Innovation et Supply Chaine management (ISCM) Management Intégré Qualité, Sécurité au travail et Environnement (MIQSSE)",fr,https://isetsf.rnu.tn/fr/institut/departements/sc-eco-et-gestion#formations
ISET SFAX - Comité Pédagogique,Responsable Parcours Management : M. Nader AYADI Responsable Parcours Commerce et Distribution : Mme Zahra KAHLAOUI Responsable Parcours Comptabilité Finance : Mme Eya GARGOURI,fr,https://isetsf.rnu.tn/fr/institut/departements/sc-eco-et-gestion#comit-p-dagogique
ISET SFAX - Technologies de l'Informatique,Institut Départements Technologies de l'Informatique,fr,https://isetsf.rnu.tn/fr/institut/departements/technologies-de-l-informatique#technologies-de-l-informatique
ISET SFAX - Formation,"Développement des Systèmes Informatiques (DSI) : orienté vers le domaine de l'informatique de gestion. Réseaux et Systèmes Informatiques (RSI) : orienté vers le domaine des réseaux informatiques. Systèmes Embarqués et Mobiles (SEM) : orienté vers le domaine des systèmes numériques embarqués.
Réseaux Informatiques & Nouvelles Technologies (RINT) Génie Logiciel & Nouvelles Technologies (GLNT)",fr,https://isetsf.rnu.tn/fr/institut/departements/technologies-de-l-informatique#formation
ISET SFAX - Comité Pédagogique,Responsable Tronc commun: M. Nader FRIKHA Responsable parcours DSI: Mme Afef SAMET Responsable parcours RSI: M. Habib CHAKCHOUK Responsable parcours SEM: M. Hichem BEN NASR Coordinateur MASTER DSIR: M. Faiez CHARFI Coordinateur MASTER ASSC: M. Hassan BEN AYED,fr,https://isetsf.rnu.tn/fr/institut/departements/technologies-de-l-informatique#comit-p-dagogique
ISET SFAX - Génie de Procédés,Institut Départements Génie des Procédés,fr,https://isetsf.rnu.tn/fr/institut/departements/genie-des-procedes#g-nie-de-proc-d-s
ISET SFAX - Formations,Licence Nationale en Procédés Chimiques « PC » Licence Nationale en Procédés Agroalimentaires « PA »,fr,https://isetsf.rnu.tn/fr/institut/departements/genie-des-procedes#formations
ISET SFAX - Comité Pédagogique,Responsable Parcours Procédés Chimiques : M. Yasser RAHMANI Responsable Parcours Procédés Agroalimentaires : M. Yasser Rahmani,fr,https://isetsf.rnu.tn/fr/institut/departements/genie-des-procedes#comit-p-dagogique
ISET SFAX - Présentation du Département,"Une Réputation Établie : Notre département est reconnu pour la qualité de sa formation et pour sa capacité à préparer des diplômés hautement qualifiés, prêts à intégrer le monde du travail ou à poursuivre leurs études dans des cycles supérieurs. Une Formation Pratique et Adaptée : En plus de la formation académique, nous proposons des stages en entreprise et des projets de fin d’études en collaboration avec le secteur industriel, garantissant ainsi une intégration réussie de nos diplômés dans le marché du travail. Un Partenariat Fort avec l’Industrie : Nous collaborons étroitement avec plusieurs entreprises et institutions industrielles pour assurer que notre formation reste en phase avec les besoins réels du marché.",fr,https://isetsf.rnu.tn/fr/institut/departements/genie-mecanique#pr-sentation-du-d-partement
ISET SFAX - Formations,"Conception et Fabrication Mécanique (CFM). Construction Métallique (CM). Energétique (EN). Maintenance Industrielle (MI).
Instrumentation des Processus et Procédés Industriels (IPPI)",fr,https://isetsf.rnu.tn/fr/institut/departements/genie-mecanique#formations
ISET SFAX - Comité Pédagogique,"M. Mongi BOUGELBEN Email: bougelben.mongi2018@gmail.com
M. Drira Youssef Email: youssef.drira@enis.tn
M. Makram MAALOUL Email: maaloul.makram@gmail.com
M. Foued Hassen ELLOUZ Email: hassen.fouedi@gmail.com",fr,https://isetsf.rnu.tn/fr/institut/departements/genie-mecanique#comit-p-dagogique
ISET SFAX  - Association de l'Innovation et la Technologie « AIT » - Association de l'Innovation et la Technologie « AIT »,Institut Associations Association de l'Innovation et la Technologie « AIT »,fr,https://isetsf.rnu.tn/fr/institut/associations/association-de-l-innovation-et-la-technologie-ait#association-de-l-innovation-et-la-technologie-ait-
ISET SFAX  - Association de Recherche et Développement et  d'Innovation « ARDI » - Association de Recherche et Développement et d'Innovation « ARDI »,Institut Associations Association de Recherche et Développement et d'Innovation « ARDI »,fr,https://isetsf.rnu.tn/fr/institut/associations/association-de-recherche-et-developpement-et-d-innovation-ardi#association-de-recherche-et-d-veloppement-et-d-innovation-ardi-
ISET SFAX  - Association de Recherche et Développement et  d'Innovation « ARDI » - Objectifs,"Organisation des séminaires, des journées et des colloques scientifiques. Organisation des cycles et des workshops de formation. Amélioration des productions scientifiques et pédagogiques. Partenariat entre l'université et le tissu économique et industriel. Encouragement du transfert technologique.",fr,https://isetsf.rnu.tn/fr/institut/associations/association-de-recherche-et-developpement-et-d-innovation-ardi#objectifs
ISET SFAX  - Association de Recherche et Développement et  d'Innovation « ARDI » - Quelques Evènements réalisés,"INTECC’2023 – 1st International Conference on Innovative Technologies for Climate Change. Workshop Pratique : Créer des documents et des présentations élégants avec LATEX (2022) ECONOV’2022 - International Conference on Ecological Innovation. Workshop pratique : Fabrication des produits cosmétiques naturels (2022). Journée l’Art Thérapie (2002). Workshop : Internet des Objet et Intelligence Artificielle (2020). ECONOV’2020 – Colloque de l’Innovation Ecologique. 2ème journée de Rencontre entre Professionnels et Etudiants (2019). JT-IAA’2019 – Journée Technologique de l’Innovation AgroAlimentaire (2019). JTECH’2019 – Journée de l’Innovation Technologique : Machine Learning. JIA’2018 – Journée de l’Informatique Appliquée (BI, IoT and Data Science). JPM’2018 – Journée de Production Mécanique (Métrologie et Contrôle qualité). JPM’2017 – Journée de Production Mécanique (Découpage par CN). INVACO’2016 – 4ème Séminaire International : Innovation et Valorisation en Génie Civil et Matériaux de Construction. JIA’2016 – Journée de l’Informatique Appliquée (Cloud Computing, IoT and Big Data). JPM’2016 – Journée de Production Mécanique (De la FAO au contrôle). 1ère Journée de la Recherche Appliquée en Informatique & Réseaux (2014)",fr,https://isetsf.rnu.tn/fr/institut/associations/association-de-recherche-et-developpement-et-d-innovation-ardi#quelques-ev-nements-r-alis-s
ISET SFAX  - Association de Recherche et Développement et  d'Innovation « ARDI » - Bureau Directeur,Faiez CHARFI (Président) Najoua MEZGHANI (Vice-Président) Sami HADHRI (Secrétaire Général) Slim ZOUARI (Trésorier) Atef BOUBAKER (Membre) Mohamed ELLEUCH (Membre) Mohamed Amine GHARBI (Membre) Walid MESLMANI (Membre) Yessir RAHMANI (Membre),fr,https://isetsf.rnu.tn/fr/institut/associations/association-de-recherche-et-developpement-et-d-innovation-ardi#bureau-directeur
ISET SFAX  - Association Sportive Universitaire Iset de Sfax « ASUIS » - Association Sportive Universitaire Iset de Sfax « ASUIS »,Institut Associations Association Sportive Universitaire Iset de Sfax « ASUIS »,fr,https://isetsf.rnu.tn/fr/institut/associations/association-sportive-universitaire-iset-de-sfax-asuis#association-sportive-universitaire-iset-de-sfax-asuis-
ISET SFAX  - Association Sportive Universitaire Iset de Sfax « ASUIS » - Objectifs,Participation dans des compétitions sportives individuels et collectifs: Championnat régional Championnat national Organisation des événements sportives Animation sportive quotidienne Organisation des randonnés,fr,https://isetsf.rnu.tn/fr/institut/associations/association-sportive-universitaire-iset-de-sfax-asuis#objectifs
ISET SFAX  - Association Sportive Universitaire Iset de Sfax « ASUIS » - Nous Contacter,"Adresse: Route Mahdia km 2,5. Sfax – TUNISIE Page Facebook : https://www.facebook.com/share/g/ruMDgTNzMquWZ58U/ Téléphone : (+216) 95 839 452 Email : hammadimsaddak@gmail.com",fr,https://isetsf.rnu.tn/fr/institut/associations/association-sportive-universitaire-iset-de-sfax-asuis#nous-contacter
ISET SFAX  - Association Tunisienne de Soudage « ATS » - Association Tunisienne de Soudage « ATS »,Institut Associations Association Tunisienne de Soudage « ATS »,fr,https://isetsf.rnu.tn/fr/institut/associations/association-tunisienne-de-soudage-ats#association-tunisienne-de-soudage-ats-
ISET SFAX  - Licence en Comptabilité & Finances - Licence en Comptabilité & Finances,Formation Licence Nationale Sciences Economiques et de Gestion Comptabilité & Finances,fr,https://isetsf.rnu.tn/fr/formation/licence-nationale/sciences-economiques-et-de-gestion/comptabilite-finances#licence-en-comptabilit-finances
ISET SFAX  - Licence en  Management - Licence en Management,Formation Licence Nationale Sciences Economiques et de Gestion Management,fr,https://isetsf.rnu.tn/fr/formation/licence-nationale/sciences-economiques-et-de-gestion/management#licence-en-management
ISET SFAX  - Licence en Commerce & Distribution - Licence en Commerce & Distribution,Formation Licence Nationale Sciences Economiques et de Gestion Commerce & Distribution,fr,https://isetsf.rnu.tn/fr/formation/licence-nationale/sciences-economiques-et-de-gestion/commerce-distribution#licence-en-commerce-distribution
ISET SFAX  - Licence en Technologies de l'Informatique - Licence en Technologies de l'Informatique,Formation Licence Nationale Technologie de l’Informatique,fr,https://isetsf.rnu.tn/fr/formation/licence-nationale/technologie-de-linformatique#licence-en-technologies-de-l-informatique
ISET SFAX  - Licence en Génie des Procédés - Licence en Génie des Procédés,Formation Licence Nationale Génie des Procédés,fr,https://isetsf.rnu.tn/fr/formation/licence-nationale/genie-des-procedes#licence-en-g-nie-des-proc-d-s
ISET SFAX  - Licence en Génie Mécanique - Licence en Génie Mécanique,Formation Licence Nationale Génie Mécanique,fr,https://isetsf.rnu.tn/fr/formation/licence-nationale/genie-mecanique#licence-en-g-nie-m-canique
"ISET SFAX  - Administration des Systèmes, Sécurité et Cloud Computing(ASSCC) - Administration des Systèmes, Sécurité et Cloud Computing(ASSCC)","Formation Mastère Professionnel Administration des Systèmes, Sécurité et Cloud Computing(ASSCC)",fr,https://isetsf.rnu.tn/fr/formation/mastere-professionnel/administration-des-systemes-securite-et-cloud-computing-asscc#administration-des-syst-mes-s-curit-et-cloud-computing-asscc-
"ISET SFAX  - Administration des Systèmes, Sécurité et Cloud Computing(ASSCC) - Objectifs spécifiques",Administrer et superviser un réseau informatique Concevoir et implémenter une solution de sécurisation de réseau informatique Concevoir et implémenter une solution de virtualisation.,fr,https://isetsf.rnu.tn/fr/formation/mastere-professionnel/administration-des-systemes-securite-et-cloud-computing-asscc#objectifs-sp-cifiques
"ISET SFAX  - Administration des Systèmes, Sécurité et Cloud Computing(ASSCC) - Métiers visés et débouchés de la formation","Responsable de la Sécurité des Systèmes informatique (conforme au référentiel des métiers et des compétences TIC réalisé par IFC page 59-64), Administrateur systèmes (conforme au référentiel des métiers et des compétences TIC réalisé par IFC page 70-75), Expert Cloud (conforme au référentiel des métiers et des compétences TIC réalisé par IFC page 98-103), auditeurs en sécurité des systèmes d’information, Administrateur réseaux,…",fr,https://isetsf.rnu.tn/fr/formation/mastere-professionnel/administration-des-systemes-securite-et-cloud-computing-asscc#m-tiers-vis-s-et-d-bouch-s-de-la-formation
"ISET SFAX  - Administration des Systèmes, Sécurité et Cloud Computing(ASSCC) - Conditions d’accès à la formation et pré-requis","Licence appliquée en TI, Licence appliquée co-construite en TI Licence fondamentale en TI, Licence équivalente obtenue à l’étranger.",fr,https://isetsf.rnu.tn/fr/formation/mastere-professionnel/administration-des-systemes-securite-et-cloud-computing-asscc#conditions-d-acc-s-la-formation-et-pr-requis
"ISET SFAX  - Management Intégré Qualité Sécurité, Santé au travail et environnement (MIQSSE) - Objectifs généraux","Former des acteurs efficaces dans la mise en œuvre ou l’accompagnement des dynamiques de qualité, d’amélioration des performances et de changement pour tous types d’organisations : publiques, parapubliques ou privées. Former des cadres capables d’assurer et de maîtriser la qualité sur l’ensemble des processus et des systèmes de management. Promouvoir l’efficacité économique et la rapidité d’évolution des entreprises Répondre à un besoin pointu tant exprimé par les entreprises, notamment celles de la région de Sfax et le sud Tunisien.",fr,https://isetsf.rnu.tn/fr/article/638/management-integre-qualite-securite-sante-au-travail-et-environnement-miqsse#objectifs-g-n-raux
"ISET SFAX  - Management Intégré Qualité Sécurité, Santé au travail et environnement (MIQSSE) - Métiers visés et débouchés de la formation","Responsable QSE : Chargé de la mise en place et du suivi des systèmes de management de la qualité, de la sécurité et de l’environnement au sein des entreprises. Consultant QSE : Fournit des conseils aux entreprises pour améliorer leurs pratiques en matière de qualité, de sécurité et d’environnement. Manager Environnemental : Gère les politiques environnementales des entreprises et veille à leur conformité avec les réglementations. Responsable Santé et Sécurité au Travail : Assure la sécurité des employés et la conformité aux normes de santé et de sécurité. Auditeur en Qualité : Évalue les systèmes de management de la qualité des entreprises et propose des améliorations. Responsable Développement Durable : Met en œuvre des stratégies de développement durable au sein des organisations. Expert en Risques Technologiques : Analyse et gère les risques liés aux technologies utilisées par les entreprises",fr,https://isetsf.rnu.tn/fr/article/638/management-integre-qualite-securite-sante-au-travail-et-environnement-miqsse#m-tiers-vis-s-et-d-bouch-s-de-la-formation
"ISET SFAX  - Management Intégré Qualité Sécurité, Santé au travail et environnement (MIQSSE) - Conditions d’accès à la formation et pré-requis","Licence en Sciences Economiques et de Gestion, Licence appliquée co-construite en Sciences Economiques et de Gestion Licence équivalente obtenue à l’étranger Licence dans un domaine Scientifique Diplôme en Relation avec les sciences de l’ingénieur.",fr,https://isetsf.rnu.tn/fr/article/638/management-integre-qualite-securite-sante-au-travail-et-environnement-miqsse#conditions-d-acc-s-la-formation-et-pr-requis
ISET SFAX  - Développement des Systèmes Informatiques et Réseaux (DSIR) - Développement des Systèmes Informatiques et Réseaux (DSIR),Formation Mastère Professionnel Développement des Systèmes Informatiques et Réseaux (DSIR),fr,https://isetsf.rnu.tn/fr/formation/mastere-professionnel/developpement-des-systemes-informatiques-et-reseaux-dsir#d-veloppement-des-syst-mes-informatiques-et-r-seaux-dsir-
ISET SFAX  - Développement des Systèmes Informatiques et Réseaux (DSIR) - Membres du comité de direction :,Mme Sawsan Hariz Mr Habib Amouri Mr Mohamed Elleuch Mr Atef Boubaker Mme Manel Ben Salah Mr Nissen Masmoudi,fr,https://isetsf.rnu.tn/fr/formation/mastere-professionnel/developpement-des-systemes-informatiques-et-reseaux-dsir#membres-du-comit-de-direction-
ISET SFAX  - Développement des Systèmes Informatiques et Réseaux (DSIR) - Conditions d'accès à la formation et prérequis :,"Licence en informatique, réseaux ou systèmes embarquées, Licence équivalente obtenue à l’étranger. Diplôme d’ingénieur avec deux années préparatoires en succès",fr,https://isetsf.rnu.tn/fr/formation/mastere-professionnel/developpement-des-systemes-informatiques-et-reseaux-dsir#conditions-d-acc-s-la-formation-et-pr-requis-
ISET SFAX  - Développement des Systèmes Informatiques et Réseaux (DSIR) - Objectifs spécifiques,"Proposer au maché d’emploi des diplômés en mastère qui s’intègrent plus facilement au milieu professionnel tenant compte des spécificités du tissu industriel à l’échelle régional et national,
Assurer une formation poussée permettant de renforcer les connaissances et le savoir-faire acquis durant les études en licence, Homogénéiser « l’input » provenant de plusieurs établissements en tenant compte des compétences indispensables que doit avoir un cadre supérieur au sein de l’industrie, tout en maîtrisant les outils informatiques émanant généralement du domaine des TIC,",fr,https://isetsf.rnu.tn/fr/formation/mastere-professionnel/developpement-des-systemes-informatiques-et-reseaux-dsir#objectifs-sp-cifiques
ISET SFAX  - Développement des Systèmes Informatiques et Réseaux (DSIR) - Métiers visés et débouchés de la formation,Développeur / Développeuse d'application Concepteur / Conceptrice logiciel informatique Intégrateur / Intégratrice d'application informatique Développeur/ Développeuse IoT Analyste de données,fr,https://isetsf.rnu.tn/fr/formation/mastere-professionnel/developpement-des-systemes-informatiques-et-reseaux-dsir#m-tiers-vis-s-et-d-bouch-s-de-la-formation
ISET SFAX  - Développement des Systèmes Informatiques et Réseaux (DSIR) - Organisation de la formation,la première (M1) Tronc Commun la deuxième (M2) spécialisation en Génie Logiciel et Nouvelles Technologies ou bien Développement IoT,fr,https://isetsf.rnu.tn/fr/formation/mastere-professionnel/developpement-des-systemes-informatiques-et-reseaux-dsir#organisation-de-la-formation
ISET SFAX  - Instrumentation des Processus et Procédés Industriels (IPPI) - Instrumentation des Processus et Procédés Industriels (IPPI),Formation Mastère Professionnel Instrumentation des Processus et Procédés Industriels (IPPI),fr,https://isetsf.rnu.tn/fr/formation/mastere-professionnel/instrumentation-des-processus-et-procedes-industriels-ippi#instrumentation-des-processus-et-proc-d-s-industriels-ippi-
ISET SFAX  - Instrumentation des Processus et Procédés Industriels (IPPI) - Objectifs généraux,Former des professionnels capables de s'adapter aux innovations industrielles. Développer une expertise en maintenance industrielle. Offrir des perspectives de carrière évolutives. Maîtriser les techniques de contrôle et de régulation. -Préparer des professionnels polyvalents.,fr,https://isetsf.rnu.tn/fr/formation/mastere-professionnel/instrumentation-des-processus-et-procedes-industriels-ippi#objectifs-g-n-raux
ISET SFAX  - Instrumentation des Processus et Procédés Industriels (IPPI) - Objectifs spécifiques,"Contribuer à développer des applications et des projets industriels multi sectoriels par la mobilisation de savoirs scientifiques & technologiques pluridisciplinaires en Métrologie, Instrumentation, Automatismes et Contrôle de procédés, Participer aux étapes d’un projet en Métrologie, Instrumentation, Automatismes et Contrôle de procédés, notamment à l’analyse du besoin industriel, à la proposition ou à la conception de la solution technique et à la gestion de sa mise en œuvre, Communiquer avec efficacité en français et en anglais, en exploitant et en rédigeant des documents techniques et en présentant oralement un projet de façon structurée et argumentée, Intégrer un projet global ou gérer en autonomie tout ou partie d’un projet opérationnel en Métrologie, Bureau d’études instrumentation/automatismes ou en Contrôle-Commande, en interagissant au sein d’une équipe, Effectuer des travaux métrologiques, mener des études ou développer des solutions de contrôle de procédés pour répondre aux besoins industriels en maîtrisant les méthodologies, les technologies et les principes scientifiques associés, Elaborer un projet professionnel pour s’insérer dans la vie active et contribuer à l'évolution du secteur de l’instrumentation, de la métrologie et du contrôle-commande pour l’industrie en s’appuyant sur les connaissances transversales, la culture du monde de l’entreprise et en adoptant un comportement responsable.",fr,https://isetsf.rnu.tn/fr/formation/mastere-professionnel/instrumentation-des-processus-et-procedes-industriels-ippi#objectifs-sp-cifiques
ISET SFAX  - Instrumentation des Processus et Procédés Industriels (IPPI) - Métiers visés et débouchés de la formation,"- Responsable en Instrumentation et Contrôle : Conçoit, développe et maintient les systèmes de mesure et de contrôle utilisés dans les processus industriels. - Responsable de Processus : Spécialiste des procédés industriels, responsable de l’optimisation des processus de production en assurant leur efficacité, leur sécurité et leur conformité aux normes. - Responsable de l'Automatisation : Développe et met en œuvre des solutions d'automatisation pour améliorer l'efficacité des systèmes de production et réduire les coûts. - Responsable Qualité : Garantit que les produits et les processus respectent les normes de qualité et les exigences réglementaires. Peut également être impliqué dans les processus de contrôle qualité. - Responsable en Développement de Produit : Travaille sur la conception et le développement de nouveaux produits en intégrant les exigences de mesure et de contrôle dès les premières étapes du processus. - Consultant en Processus Industriels : Offre des services de conseil aux entreprises pour améliorer leurs processus industriels, optimiser les performances et intégrer les technologies de contrôle et d'automatisation. - Responsable de Projet en Industrie : Gère des projets liés à la mise en place de nouveaux systèmes de contrôle ou à l’amélioration des processus existants.",fr,https://isetsf.rnu.tn/fr/formation/mastere-professionnel/instrumentation-des-processus-et-procedes-industriels-ippi#m-tiers-vis-s-et-d-bouch-s-de-la-formation
ISET SFAX  - Instrumentation des Processus et Procédés Industriels (IPPI) - Conditions d’accès à la formation et pré-requis,Maintenance Industrielle Systèmes Embarqués Génie Electrique Génie Industrielle Génie des Procédés,fr,https://isetsf.rnu.tn/fr/formation/mastere-professionnel/instrumentation-des-processus-et-procedes-industriels-ippi#conditions-d-acc-s-la-formation-et-pr-requis
ISET SFAX  - Innovation et Supply Chain Management (ISCM) - Innovation et Supply Chain Management (ISCM),Formation Mastère Professionnel Innovation et Supply Chain Management (ISCM),fr,https://isetsf.rnu.tn/fr/formation/mastere-professionnel/innovation-et-supply-chain-management-iscm#innovation-et-supply-chain-management-iscm-
ISET SFAX  - Innovation et Supply Chain Management (ISCM) - Objectifs généraux,"S’ouvrir sur le monde industriel, Acquérir une double compétence de management de l’innovation et de management industriel, notamment en chaîne logistique. Contrôler et optimiser les flux physiques et d'informations dans un contexte de stratégie globale de l'entreprise Offrir des opportunités de débouchés variées et des perspectives de carrière fortement évolutive.,",fr,https://isetsf.rnu.tn/fr/formation/mastere-professionnel/innovation-et-supply-chain-management-iscm#objectifs-g-n-raux
ISET SFAX  - Innovation et Supply Chain Management (ISCM) - Métiers visés et débouchés de la formation,"Responsable Logistique et/ou transport, Supply Chain manager, Chef de projet déploiement international, Consultant logistique, Chargé d’études en logistique, Chargé de l’organisation logistique, Logisticien Gestionnaire de flux de produits, Gestionnaire de stock, Responsable de projet, en SCM Responsable de développement des méthodes innovantes en SCM Responsable de Département ou d’Unité de logistique et/ou de transport international Responsable achat transport Acheteur projet Chef de groupe achats Responsable sourcing achats Responsable des achats/approvisionnements Responsable de production",fr,https://isetsf.rnu.tn/fr/formation/mastere-professionnel/innovation-et-supply-chain-management-iscm#m-tiers-vis-s-et-d-bouch-s-de-la-formation
ISET SFAX  - Innovation et Supply Chain Management (ISCM) - Conditions d’accès à la formation et pré-requis,"Licence appliquée/fondamentale en Sciences Economiques et Gestion ou équivalent Licence appliquée en Génie Mécanique(GM), civil (GC), des procédés (GP) et technologie d'informatique (TI) Licence appliquée / fondamentale co-construite en Sciences Economiques et Gestion ou équivalent",fr,https://isetsf.rnu.tn/fr/formation/mastere-professionnel/innovation-et-supply-chain-management-iscm#conditions-d-acc-s-la-formation-et-pr-requis
"ISET SFAX  - Management Intégré Qualité Sécurité, Santé au travail et environnement (MIQSSE) - Management Intégré Qualité Sécurité, Santé au travail et environnement (MIQSSE)","Formation Mastère Professionnel Management Intégré Qualité Sécurité, Santé au travail et environnement (MIQSSE)",fr,https://isetsf.rnu.tn/fr/formation/mastere-professionnel/management-integre-qualite-securite-sante-au-travail-et-environnement-miqsse#management-int-gr-qualit-s-curit-sant-au-travail-et-environnement-miqsse-
ISET SFAX  - Licence en Technologies de l'Informatique - Licence en Technologies de l'Informatique,Formation Formation Continue à distance Licence Nationale Technologie de l’Informatique,fr,https://isetsf.rnu.tn/fr/formation/formation-continue-a-distance/licence-nationale/technologie-de-linformatique#licence-en-technologies-de-l-informatique
ISET SFAX  - Développement des Systèmes Informatiques et Réseaux (DSIR) - Développement des Systèmes Informatiques et Réseaux (DSIR),Formation Formation Continue à distance Mastère Professionnel Développement des Systèmes Informatiques et Réseaux (DSIR),fr,https://isetsf.rnu.tn/fr/formation/formation-continue-a-distance/mastere-professionnel/developpement-des-systemes-informatiques-et-reseaux-dsir#d-veloppement-des-syst-mes-informatiques-et-r-seaux-dsir-
ISET SFAX  - Innovation et Supply Chain Management (ISCM) - Innovation et Supply Chain Management (ISCM),Formation Formation Continue à distance Mastère Professionnel Innovation et Supply Chain Management (ISCM),fr,https://isetsf.rnu.tn/fr/formation/formation-continue-a-distance/mastere-professionnel/innovation-et-supply-chain-management-iscm#innovation-et-supply-chain-management-iscm-
ISET SFAX - ,Formation Candidature en Mastère Professionnel,fr,https://isetsf.rnu.tn/fr/formation/candidature-en-mastere-professionnel#
ISET SFAX  - Responsabilité Sociétale - Responsabilité Sociétale,Management Qualité Responsabilité Sociétale,fr,https://isetsf.rnu.tn/fr/management-qualite/responsabilite-societale#responsabilit-soci-tale
ISET SFAX  - Traitement des Réclamations - Traitement des Réclamations,Management Qualité Traitement des Réclamations,fr,https://isetsf.rnu.tn/fr/management-qualite/traitement-des-reclamations#traitement-des-r-clamations
ISET SFAX  - Cellule de Suivi et de Veille « CSV » - Cellule de Suivi et de Veille « CSV »,Management Qualité Cellule de Suivi et de Veille « CSV »,fr,https://isetsf.rnu.tn/fr/management-qualite/cellule-de-suivi-et-de-veille-csv#cellule-de-suivi-et-de-veille-csv-
ISET SFAX  - Cellule de Suivi et de Veille « CSV » - Travail réalisé,"Aménager et équiper l’amphi dédié aux manifestations
Réaliser un catalogue de formation professionnelle et continue",fr,https://isetsf.rnu.tn/fr/management-qualite/cellule-de-suivi-et-de-veille-csv#travail-r-alis-
ISET SFAX  - Lutte contre le Plagiat - Lutte contre le Plagiat,Management Qualité Lutte contre le Plagiat,fr,https://isetsf.rnu.tn/fr/management-qualite/lutte-contre-le-plagiat#lutte-contre-le-plagiat
ISET SFAX  - PAQ DGSE - PAQ DGSE,Projets et partenariats PAQ PAQ DGSE Présentation du projet,fr,https://isetsf.rnu.tn/fr/projets-et-partenariats/paq/paq-dgse/presentation-du-projet#paq-dgse
ISET SFAX  - PAQ DGSE - Résultats Attendus,"R1 : Un SMQ est conçu, mis en place, opérationnel et certifié selon l’ISO 9001/2015 et ISO 21001/2018, l’accréditation des parcours est initiée R2 : Les textes juridiques relatifs au passage à l'EPST sont communiqués et maitrisés R3 : Une structure organisationnelle fonctionnelle chargée de l’insertion des étudiants de l’ISET de Sfax R4 : Un concours des meilleures initiatives entrepreneuriales et innovantes organisé annuellement par l’ISET de Sfax R5 : Un plan d’actions pluriannuel conçu, validé et mis en œuvre, avec la stimulation des initiatives estudiantines des activités associatives culturelles, scientifiques et sportives
Sur les compétences : amélioration des compétences acquises par les étudiants, évolution des compétences du corps enseignant et administratif, et par conséquent, une augmentation de la valeur des diplômes délivrés. Sur le positionnement : indirectement, ces résultats renforceront la position de l’ISET de Sfax dans son écosystème en facilitant l’attraction d’étudiants étrangers, en répondant plus efficacement aux besoins des industriels (recrutement, création d’entreprises), ce qui se traduira par une meilleure insertion professionnelle des diplômés et le développement de contrats de prestation, assurant ainsi le développement des ressources internes de l’établissement.",fr,https://isetsf.rnu.tn/fr/projets-et-partenariats/paq/paq-dgse/presentation-du-projet#r-sultats-attendus
ISET SFAX  - PAQ DGSE - Domaines du Projet PAQ-DGSE,Domaine A1 : Gestion et Gouvernance Domaine A2 : Formation et Employabilité Domaine A3 : Recherche et Innovation Domaine A4 : Services aux étudiants/Vie universitaire,fr,https://isetsf.rnu.tn/fr/projets-et-partenariats/paq/paq-dgse/presentation-du-projet#domaines-du-projet-paq-dgse
ISET SFAX  - Domaine 1 : Gestion et Gouvernance - Domaine 1 : Gestion et Gouvernance,Projets et partenariats PAQ PAQ DGSE Domaine 1 : Gestion et Gouvernance,fr,https://isetsf.rnu.tn/fr/projets-et-partenariats/paq/paq-dgse/domaine-1-gestion-et-gouvernance#domaine-1-gestion-et-gouvernance
ISET SFAX  - Domaine 1 : Gestion et Gouvernance - Objectifs Spécifiques,"Champ 1- Assurance Qualité (Interne & Externe) : « Comités pour la Qualité et Accréditation »
OS1: Définir et valider une politique d’assurance qualité de la formation pour l’ISET de Sfax
OS2: Renforcer l’autonomie institutionnelle de l’ISET de Sfax ainsi que la performance de son système de management",fr,https://isetsf.rnu.tn/fr/projets-et-partenariats/paq/paq-dgse/domaine-1-gestion-et-gouvernance#objectifs-sp-cifiques
ISET SFAX  - Domaine 1 : Gestion et Gouvernance - Résultats attendus,"Champ 1- Assurance Qualité (Interne & Externe): « Comités pour la Qualité et Accréditation »
R1.1 Un SMQ est conçu et mis en place R.1.2 La certification est obtenue R1.3 Accréditation des parcours initiée
R2.1 Les textes juridiques relatifs au passage à l'EPST sont communiqués et maitrisés",fr,https://isetsf.rnu.tn/fr/projets-et-partenariats/paq/paq-dgse/domaine-1-gestion-et-gouvernance#r-sultats-attendus
ISET SFAX  - Domaine 1 : Gestion et Gouvernance - Principales activités,Formation en SMQ au profit de l'équipe projet en vue de réaliser la cartographie des processus. Mise en application des ressources et moyens pour le management du projet. Assistance technique pour l'élaboration du référentiel de formation selon les standards internationaux et la numérisation des contenus pédagogiques.,fr,https://isetsf.rnu.tn/fr/projets-et-partenariats/paq/paq-dgse/domaine-1-gestion-et-gouvernance#principales-activit-s
ISET SFAX  - Domaine 2 : Formation-Employabilité - Domaine 2 : Formation-Employabilité,Projets et partenariats PAQ PAQ DGSE Domaine 2 : Formation-Employabilité,fr,https://isetsf.rnu.tn/fr/projets-et-partenariats/paq/paq-dgse/domaine-2-formation-employabilite#domaine-2-formation-employabilit-
ISET SFAX  - Domaine 2 : Formation-Employabilité - Présentation du Projet,"L’intégration de nos diplômés dans le milieu de travail repose sur une meilleure compréhension du milieu professionnel dans lequel ils vont évoluer. Ceci nécessite une écoute continue du besoin et réclamation du tissu économique et industriel ainsi qu’une évaluation du retour d’expérience des étudiants/ anciens diplômés.
Cet échange d’informations entre les différents intervenants (Étudiants, Diplômés, ISET de Sfax, Professionnels, etc.) permettra une meilleure adaptation de la formation assurée par l’ISET de Sfax aux besoins du marché d’emploi ce qui ne peut qu’améliorer l’employabilité de nos étudiants.",fr,https://isetsf.rnu.tn/fr/projets-et-partenariats/paq/paq-dgse/domaine-2-formation-employabilite#pr-sentation-du-projet
ISET SFAX  - Domaine 2 : Formation-Employabilité - Actions Réalisées,"Création d’une Cellule de Suivi et de Veille (CSV)
La CSV est une structure interne à l’ISET de Sfax. Elle assure la liaison entre le tissu socio-économique (offres de stages et/ou d’emploi, demande de formation professionnelle, demande d’assistance, etc.) et les étudiants/ diplômés de l’ISET de Sfax (demandes de stages et/ou d’emploi, demande de formation spécifique, etc.).
Le rôle de la CSV est de réaliser le suivi et l’évaluation de l’insertion des étudiants de l’ISET de Sfax dans le marché d’emploi, et de repérer les besoins de l’environnement socio-économique en emploi et en formation.
Organisation d’une Formation de Formateurs (FDF) de 50 heures en Compétences Entrepreneuriales : Innovation sociale (10 heures), Mind Mapping (10 heures), UX Design (5 heures), Design Thinking (15 heures) et Intelligence Collective (10 heures).
La FDF en Compétences Entrepreneuriales (Innovation Sociale, Mind Mapping, UX Design, Design Thinking et Intelligence Collective) vise à doter les étudiants de l’ISET de Sfax en des compétences transversales (Soft Skills) qui facilitent leur insertion professionnelle, quelques soit leurs spécialités/ parcours. Elle est destinée aux enseignants, appartenant aux différents départements de l’ISET de Sfax, qui s’engagent de transférer ces compétences à travers leurs matières d’enseignement et/ou activités d’encadrement.
Aménagement de l’Amphi 2 de l’ISET de Sfax
L’aménagement de l’amphi 2 de l’ISET de Sfax permet de fournir un espace adapté pour accueillir les différentes manifestations facilitant le contact des étudiants de l’ISET de Sfax avec le monde des professionnels et de la Société civile. Il favorise ainsi l’ouverture de l’ISET de Sfax sur son milieu socio-économique.
Préparation d’un catalogue de formations professionnelles et continues offertes par l’ISET de Sfax",fr,https://isetsf.rnu.tn/fr/projets-et-partenariats/paq/paq-dgse/domaine-2-formation-employabilite#actions-r-alis-es
ISET SFAX  - Domaine 2 : Formation-Employabilité - Actions En Cours,Mise à jour du Site Web de l’ISET de Sfax en y intégrant des fonctionnalités spécifique à la cellule CSV.,fr,https://isetsf.rnu.tn/fr/projets-et-partenariats/paq/paq-dgse/domaine-2-formation-employabilite#actions-en-cours
ISET SFAX  - Domaine 2 : Formation-Employabilité - Membres de l’équipe du domaine,ALLOUCH Bassem BEN SALAH CHAABANE Narjes GARGOURI Eya JEMNI Naïma LOULOU Sonia MAALEJ Sawsen,fr,https://isetsf.rnu.tn/fr/projets-et-partenariats/paq/paq-dgse/domaine-2-formation-employabilite#membres-de-l-quipe-du-domaine
ISET SFAX  - Domaine 3: Recherche et Innovation - Domaine 3: Recherche et Innovation,Projets et partenariats PAQ PAQ DGSE Domaine 3 : Recherche et Innovation,fr,https://isetsf.rnu.tn/fr/projets-et-partenariats/paq/paq-dgse/domaine-3-recherche-et-innovation#domaine-3-recherche-et-innovation
ISET SFAX  - Domaine 3: Recherche et Innovation - Objectifs Spécifiques,"Champ 4 - Concours de la meilleure initiative innovante et entrepreneuriale:
OS 4: Valoriser les recherches technologiques à fort potentiel innovant et entrepreneurial via l’organisation d’un concours annuel destiné aux étudiants R4.1 Un concours des meilleures initiatives entrepreneuriales et innovantes organisé annuellement par l’ISET de Sfax",fr,https://isetsf.rnu.tn/fr/projets-et-partenariats/paq/paq-dgse/domaine-3-recherche-et-innovation#objectifs-sp-cifiques
ISET SFAX  - Domaine 3: Recherche et Innovation - Principales activités,"A4.1.1 : Créer une cellule pluridisciplinaire au sein de l’ISET pour la Réflexion, l’Organisation, la Recherche de financement et le suivi du concours CEPROFIS A4.1.3 : Former des enseignants pour l’accompagnement des candidats A4.1.-4 : Organiser un concours",fr,https://isetsf.rnu.tn/fr/projets-et-partenariats/paq/paq-dgse/domaine-3-recherche-et-innovation#principales-activit-s
ISET SFAX  - Domaine 4: Services aux étudiants - Domaine 4: Services aux étudiants,Projets et partenariats PAQ PAQ DGSE Domaine 4 : Vie Universitaire,fr,https://isetsf.rnu.tn/fr/projets-et-partenariats/paq/paq-dgse/domaine-4-vie-universitaire#domaine-4-services-aux-tudiants
ISET SFAX  - Domaine 4: Services aux étudiants - Objectifs Spécifiques,"Champ 5 - Activités associatives, culturelles, scientifiques et sportives
OS 5 : Soutenir les initiatives estudiantines, culturelles, sportives, scientifiques et associatives",fr,https://isetsf.rnu.tn/fr/projets-et-partenariats/paq/paq-dgse/domaine-4-vie-universitaire#objectifs-sp-cifiques
ISET SFAX  - Domaine 4: Services aux étudiants - Résultats attendus,"R5.1 Un plan d’actions pluriannuel conçu, validé et mis en œuvre R5.2 Des initiatives estudiantines des activités associatives culturelles, scientifiques et sportives sont planifiées, structurées, financées et validées au sein de l’ISET de Sfax.",fr,https://isetsf.rnu.tn/fr/projets-et-partenariats/paq/paq-dgse/domaine-4-vie-universitaire#r-sultats-attendus
ISET SFAX  - Domaine 4: Services aux étudiants - Formation des enseignants,La conception et la mise en œuvre des plans d’actions,fr,https://isetsf.rnu.tn/fr/projets-et-partenariats/paq/paq-dgse/domaine-4-vie-universitaire#formation-des-enseignants
ISET SFAX  - PAQ CoCo ISCM - PAQ CoCo ISCM,Projets et partenariats PAQ PAQ CoCo ISCM Présentation du projet,fr,https://isetsf.rnu.tn/fr/projets-et-partenariats/paq/paq-coco-iscm/presentation-du-projet#paq-coco-iscm
ISET SFAX  - PAQ CoCo ISCM - Introduction,"A partir de l’analyse des contextes internes et externes du parcours master Pro ISCM de l’ISET de Sfax, plusieurs problèmes ont été ressortis.
Délai d’insertion relativement long, Manque de compétences en soft skills, Manque de compétences techniques conformes aux standards internationaux, Non existence d’un espace aménagé d’une manière conforme aux attentes des étudiants, Insuffisance de liens tissés avec le milieu socio-économique.",fr,https://isetsf.rnu.tn/fr/projets-et-partenariats/paq/paq-coco-iscm/presentation-du-projet#introduction
ISET SFAX  - PAQ CoCo ISCM - Objectif global,"Fournir une formation professionnalisante, valorisée, par la mise en place d’un ensemble d’actions coordonnées et adaptées aux caractéristiques de l’écosystème , visant à familiariser les ressortissants du mastère co- construit en ISCM au monde professionnel, et à développer leurs compétences techniques et en soft-skills, en vue d’assurer une meilleure insertion.",fr,https://isetsf.rnu.tn/fr/projets-et-partenariats/paq/paq-coco-iscm/presentation-du-projet#objectif-global
ISET SFAX  - PAQ CoCo ISCM - Résultats attendus,"R1 :Les étudiants de la filière mastère co construit en ISCM de l’ISET de Sfax sont dotés de compétences en soft skills, et de compétences techniques.
R2 :Les enseignants du parcours mastère co construit en ISCM de l’ISET de Sfax sont dotés de compétences techniques et en soft skills via des formations certifiantes.
R3 :Les enseignements sont améliorés par l’aménagement d’une salle de créativité pour que chaque étudiant puisse échanger, innover et créer de nouveaux projets à travers la réalisation de sessions de brainstorming, et qui tient compte des étudiants aux besoins spécifiques
R4 :Meilleure lisiblité des diplômes au niveau national et international et plus grande fluidité dans le recrutement",fr,https://isetsf.rnu.tn/fr/projets-et-partenariats/paq/paq-coco-iscm/presentation-du-projet#r-sultats-attendus
ISET SFAX  - PAQ CoCo ISCM - Principales activités,"A1-1 : Organiser des sessions de formation qualifiante en soft skills au profit des étudiants du parcours ISCM, (Les bases de la PNL, 60 étudiants)
A1-2 : Organiser des sessions de formation qualifiantes en des domaines techniques, au profit des étudiants du parcours ISCM, (en cours)
A1-1 : Organiser des sessions de formation certifiantes au profit des étudiants du parcours ISCM en soft skills.
Les bases de la PNL (Voucher pour les étudiants) Design Thinking Intelligence Emotionnelle (17% du budget)
A2-2 : Organiser des sessions de formation certifiantes au profit des enseignants du parcours ISCM en des domaines techniques. (En cours)",fr,https://isetsf.rnu.tn/fr/projets-et-partenariats/paq/paq-coco-iscm/presentation-du-projet#principales-activit-s
question,réponse,catégorie,source
comment postuler pour un master ?,"Pour postuler à un master, vous devez vous rendre sur notre plateforme d'inscription en ligne et suivre les instructions...",fr,https://isetsf.rnu.tn/fr/inscriptions
quelles sont les conditions d'admission ?,Les conditions d'admission pour les masters incluent une licence en informatique...,fr,https://isetsf.rnu.tn/fr/conditions-admission
où se trouve l’ISET de Sfax ?,"L'ISET de Sfax est situé à la route Mahdia, km 2,5, à Sfax, en Tunisie.",fr,https://isetsf.rnu.tn/fr/institut/localisation
quels sont les avantages du programme de master ?,"Le programme de master de l’ISET de Sfax vous offre une formation de haute qualité dans des domaines comme les technologies de l’information, avec des possibilités d’internat et des partenariats avec des entreprises de renom.",fr,https://isetsf.rnu.tn/fr/formation/master
quelles sont les spécialisations en master informatique ?,"Le master en informatique propose des spécialisations en :
• Développement des systèmes informatiques (DSI)
• Réseaux et systèmes informatiques (RSI)
• Génie logiciel et nouvelles technologies (GLNT)",fr,https://isetsf.rnu.tn/fr/formation/master-informatique
qu’est-ce que le master DSI ?,"Le master en Développement des Systèmes Informatiques (DSI) est destiné à former des experts capables de concevoir, développer et gérer des systèmes informatiques complexes dans divers environnements.",fr,https://isetsf.rnu.tn/fr/formation/dsi
quelles sont les modalités de financement ?,"Il existe plusieurs options de financement pour les étudiants, y compris des bourses d’études, des prêts étudiants et des partenariats avec des entreprises.",fr,https://isetsf.rnu.tn/fr/financement
quels sont les projets étudiants à l'ISET de Sfax ?,"Les étudiants de l’ISET de Sfax sont impliqués dans de nombreux projets innovants dans le domaine des technologies, y compris des projets de recherche, des hackathons et des stages en entreprises.",fr,https://isetsf.rnu.tn/fr/projets-etudiants
qui sont les responsables de l’ISET ?,"Le responsable de l'ISET de Sfax est le Directeur Bassem JALLOULI, assisté par des responsables de département et des coordinateurs pour chaque programme de formation.",fr,https://isetsf.rnu.tn/fr/institut/responsables
quelles sont les formations proposées en informatique ?,"Les formations proposées en informatique à l'ISET de Sfax incluent :
• Licence en technologies de l'informatique
• Master en informatique
• Formation continue et à distance",fr,https://isetsf.rnu.tn/fr/formation/informatique
y a-t-il des clubs étudiants à l'ISET ?,"Oui, l'ISET de Sfax offre plusieurs clubs étudiants dans des domaines scientifiques, culturels, sportifs et humanitaires, tels que le Club Futur Licencier.",fr,https://isetsf.rnu.tn/fr/etudiants/clubs
quelles sont les dates limites d'inscription ?,Les inscriptions au master doivent être complétées avant le 15 septembre. Les candidatures tardives peuvent être examinées au cas par cas.,fr,https://isetsf.rnu.tn/fr/inscriptions
comment contacter le service des admissions ?,Vous pouvez contacter le service des admissions par email à admissions@isetsf.rnu.tn ou par téléphone au +216 74 000 000.,fr,https://isetsf.rnu.tn/fr/contact
le master est-il ouvert aux étudiants étrangers ?,"Oui, les étudiants étrangers peuvent postuler sous réserve de validation de leur diplôme équivalent et des formalités administratives.",fr,https://isetsf.rnu.tn/fr/etudiants-internationaux
proposez-vous des cours en ligne ?,"Certains modules de master sont proposés en ligne via notre plateforme d'apprentissage à distance, en complément des cours en présentiel.",fr,https://isetsf.rnu.tn/fr/formation/elearning
quel est le coût du master ?,"Les frais d’inscription pour le master sont de 500 dinars par an pour les étudiants tunisiens. Pour les étudiants étrangers, les frais sont de 1500 dinars par an.",fr,https://isetsf.rnu.tn/fr/formation/master
comment est structuré le programme de master ?,"Le programme est structuré en 4 semestres comprenant des cours théoriques, des travaux pratiques, un projet de recherche et un stage de fin d'études.",fr,https://isetsf.rnu.tn/fr/formation/structure-master
y a-t-il un stage obligatoire ?,"Oui, un stage de fin d'études d'une durée minimale de 4 mois est obligatoire pour l'obtention du diplôme de master.",fr,https://isetsf.rnu.tn/fr/stages
quelles entreprises collaborent avec l’ISET ?,"Nous collaborons avec plusieurs entreprises telles que Telnet, Ooredoo, Vermeg, ainsi que des startups locales pour offrir des stages et des projets professionnels.",fr,https://isetsf.rnu.tn/fr/partenaires
quel est le taux d'insertion professionnelle après le master ?,Le taux d'insertion professionnelle des diplômés du master est supérieur à 85 % dans les 6 mois suivant l'obtention du diplôme.,fr,https://isetsf.rnu.tn/fr/statistiques
quelles compétences vais-je acquérir ?,"Vous développerez des compétences en développement logiciel avancé, administration de réseaux, sécurité informatique, gestion de projets IT et recherche appliquée.",fr,https://isetsf.rnu.tn/fr/formation/competences
question,réponse,catégorie,source
comment postuler pour un master ?,"Pour postuler à un master, vous devez vous rendre sur notre plateforme d'inscription en ligne et suivre les instructions...",fr,https://isetsf.rnu.tn/fr/inscriptions
quelles sont les conditions d'admission ?,Les conditions d'admission pour les masters incluent une licence en informatique...,fr,https://isetsf.rnu.tn/fr/conditions-admission
où se trouve l’ISET de Sfax ?,"L'ISET de Sfax est situé à la route Mahdia, km 2,5, à Sfax, en Tunisie.",fr,https://isetsf.rnu.tn/fr/institut/localisation
quels sont les avantages du programme de master ?,"Le programme de master de l’ISET de Sfax vous offre une formation de haute qualité dans des domaines comme les technologies de l’information, avec des possibilités d’internat et des partenariats avec des entreprises de renom.",fr,https://isetsf.rnu.tn/fr/formation/master
quelles sont les spécialisations en master informatique ?,"Le master en informatique propose des spécialisations en :
• Développement des systèmes informatiques (DSI)
• Réseaux et systèmes informatiques (RSI)
• Génie logiciel et nouvelles technologies (GLNT)",fr,https://isetsf.rnu.tn/fr/formation/master-informatique
qu’est-ce que le master DSI ?,"Le master en Développement des Systèmes Informatiques (DSI) est destiné à former des experts capables de concevoir, développer et gérer des systèmes informatiques complexes dans divers environnements.",fr,https://isetsf.rnu.tn/fr/formation/dsi
quelles sont les modalités de financement ?,"Il existe plusieurs options de financement pour les étudiants, y compris des bourses d’études, des prêts étudiants et des partenariats avec des entreprises.",fr,https://isetsf.rnu.tn/fr/financement
quels sont les projets étudiants à l'ISET de Sfax ?,"Les étudiants de l’ISET de Sfax sont impliqués dans de nombreux projets innovants dans le domaine des technologies, y compris des projets de recherche, des hackathons et des stages en entreprises.",fr,https://isetsf.rnu.tn/fr/projets-etudiants
qui sont les responsables de l’ISET ?,"Le responsable de l'ISET de Sfax est le Directeur Bassem JALLOULI, assisté par des responsables de département et des coordinateurs pour chaque programme de formation.",fr,https://isetsf.rnu.tn/fr/institut/responsables
quelles sont les formations proposées en informatique ?,"Les formations proposées en informatique à l'ISET de Sfax incluent :
• Licence en technologies de l'informatique
• Master en informatique
• Formation continue et à distance",fr,https://isetsf.rnu.tn/fr/formation/informatique
y a-t-il des clubs étudiants à l'ISET ?,"Oui, l'ISET de Sfax offre plusieurs clubs étudiants dans des domaines scientifiques, culturels, sportifs et humanitaires, tels que le Club Futur Licencier.",fr,https://isetsf.rnu.tn/fr/etudiants/clubs
quelles sont les dates limites d'inscription ?,Les inscriptions au master doivent être complétées avant le 15 septembre. Les candidatures tardives peuvent être examinées au cas par cas.,fr,https://isetsf.rnu.tn/fr/inscriptions
comment contacter le service des admissions ?,Vous pouvez contacter le service des admissions par email à admissions@isetsf.rnu.tn ou par téléphone au +216 74 000 000.,fr,https://isetsf.rnu.tn/fr/contact
le master est-il ouvert aux étudiants étrangers ?,"Oui, les étudiants étrangers peuvent postuler sous réserve de validation de leur diplôme équivalent et des formalités administratives.",fr,https://isetsf.rnu.tn/fr/etudiants-internationaux
proposez-vous des cours en ligne ?,"Certains modules de master sont proposés en ligne via notre plateforme d'apprentissage à distance, en complément des cours en présentiel.",fr,https://isetsf.rnu.tn/fr/formation/elearning
quel est le coût du master ?,"Les frais d’inscription pour le master sont de 500 dinars par an pour les étudiants tunisiens. Pour les étudiants étrangers, les frais sont de 1500 dinars par an.",fr,https://isetsf.rnu.tn/fr/formation/master
comment est structuré le programme de master ?,"Le programme est structuré en 4 semestres comprenant des cours théoriques, des travaux pratiques, un projet de recherche et un stage de fin d'études.",fr,https://isetsf.rnu.tn/fr/formation/structure-master
y a-t-il un stage obligatoire ?,"Oui, un stage de fin d'études d'une durée minimale de 4 mois est obligatoire pour l'obtention du diplôme de master.",fr,https://isetsf.rnu.tn/fr/stages
quelles entreprises collaborent avec l’ISET ?,"Nous collaborons avec plusieurs entreprises telles que Telnet, Ooredoo, Vermeg, ainsi que des startups locales pour offrir des stages et des projets professionnels.",fr,https://isetsf.rnu.tn/fr/partenaires
quel est le taux d'insertion professionnelle après le master ?,Le taux d'insertion professionnelle des diplômés du master est supérieur à 85 % dans les 6 mois suivant l'obtention du diplôme.,fr,https://isetsf.rnu.tn/fr/statistiques
quelles compétences vais-je acquérir ?,"Vous développerez des compétences en développement logiciel avancé, administration de réseaux, sécurité informatique, gestion de projets IT et recherche appliquée.",fr,https://isetsf.rnu.tn/fr/formation/competences
Où puis-je faire une demande de document (relevé de notes attestation presence) en tant que étudiant de l ISET Sfax ?,"Pour effectuer toute demande (quel que soit le type) veuillez vous connecter à l’espace extranet étudiant puis visiter le lien suivant",fr, https://isetsf.rnu.tn/fr/app/document-requests